<step title="BackgroundTrace" date="2024-08-04T19:22:36.629" instance="b26df8" url="/api/zipdeploy" method="POST" >
  <step title="Cleanup Xml Logs" date="2024-08-04T19:22:36.634" /><!-- duration: 8ms -->
  <step title="Creating temporary deployment - FetchDeploymentManager" date="2024-08-04T19:22:37.317" /><!-- duration: 5ms -->
  <step title="Creating temporary deployment" date="2024-08-04T19:22:37.325" /><!-- duration: 116ms -->
  <step title="Before sending BuildRequestReceived status to /api/updatedeploystatus" date="2024-08-04T19:22:37.446" /><!-- duration: 5ms -->
  <step title="Performing fetch based deployment" date="2024-08-04T19:22:37.546" >
    <step title="Cleaning up temp folders from previous zip deployments and extracting pushed zip file /tmp/zipdeploy/8556117f-3ea4-40ef-a5bf-454bf3015fa0.zip (182.99 MB) to /tmp/zipdeploy/extracted" date="2024-08-04T19:22:38.813" >
      <step title="ChmodRecursive Process exited with total time taken in ms: 946" date="2024-08-04T19:23:31.975" /><!-- duration: 12ms -->
    </step><!-- duration: 53191ms -->
    <step title="Deployment timer started" date="2024-08-04T19:23:34.832" >
      <step title="DeploymentManager.Deploy(id:63e5162e-2b65-446f-bf84-95a15935cbdb)" date="2024-08-04T19:23:34.874" >
        <step title="Collecting changeset information" date="2024-08-04T19:23:34.915" /><!-- duration: 170ms -->
        <step title="Updating submodules" date="2024-08-04T19:23:35.097" /><!-- duration: 1107ms -->
        <step title="Determining deployment builder" date="2024-08-04T19:23:36.396" >
          <step title="Builder is BasicBuilder" date="2024-08-04T19:23:36.438" /><!-- duration: 4ms -->
        </step><!-- duration: 51ms -->
        <step title="PreDeployment: context.CleanOutputPath False" date="2024-08-04T19:23:36.518" >
          <step title="PreDeployment: context.OutputPath /home/site/wwwroot" date="2024-08-04T19:23:36.610" >
            <step title="Building" date="2024-08-04T19:23:36.726" >
              <step title="Generating deployment script" date="2024-08-04T19:23:37.039" >
                <step title="Executing external process" date="2024-08-04T19:23:37.432" type="process" path="starter.sh" arguments="&quot;/opt/Kudu/node_modules/.bin/kuduscript&quot; -y --no-dot-deployment -r &quot;/tmp/zipdeploy/extracted&quot; -o &quot;/home/site/deployments/tools&quot; --basic --sitePath &quot;/tmp/zipdeploy/extracted&quot;" /><!-- duration: 1814ms -->
                <step title="Saved cached version of the deployment script for command -y --no-dot-deployment -r &quot;/tmp/zipdeploy/extracted&quot; -o &quot;/home/site/deployments/tools&quot; --basic --sitePath &quot;/tmp/zipdeploy/extracted&quot;" date="2024-08-04T19:23:39.324" /><!-- duration: 5ms -->
              </step><!-- duration: 2296ms -->
              <step title="Executing external process" date="2024-08-04T19:23:39.459" type="process" path="starter.sh" arguments="&quot;/home/site/deployments/tools/deploy.sh&quot;" 