<step title="Incoming Request" date="2024-08-04T19:45:26.768" instance="e44726" url="/api/deployments/latest?deployer=GITHUB_ZIP_DEPLOY&amp;time=2024-08-04_19-22-37Z" method="GET" type="request" pid="87,1,19" Host="amplify-next-hrh9bdaxa0b4f3ba.scm.eastus-01.azurewebsites.net" User-Agent="GITHUBACTIONS_DeployWebAppToAzure_7c7bbd3ac46885f86bb56cc9b179dd6273b9d445a6526f952551d68f23fd3bae" Authorization="Bea..." Content-Type="application/json; charset=utf-8" Cookie="ARRAffinity=b26df86e6fee0b334babbfd98d7b0bf93f24835e6fd68d82de8d212c60b6b0b4;Path=/;HttpOnly;Secure;Domain=amplify-next-hrh9bdaxa0b4f3ba.scm.eastus-01.azurewebsites.net; ARRAffinitySameSite=b26df86e6fee0b334babbfd98d7b0bf93f24835e6fd68d82de8d212c60b6b0b4;Path=/;HttpOnly;SameSite=None;Secure;Domain=amplify-next-hrh9bdaxa0b4f3ba.scm.eastus-01.azurewebsites.net" Content-Length="0" X-ARR-LOG-ID="e60b3d95-2900-40a0-b142-c729fb52bbcd" CLIENT-IP="20.75.95.175:20609" X-Client-IP="20.75.95.175" X-SITE-DEPLOYMENT-ID="amplify-next" WAS-DEFAULT-HOSTNAME="amplify-next-hrh9bdaxa0b4f3ba.scm.eastus-01.azurewebsites.net" X-Forwarded-Proto="https" X-AppService-Proto="https" X-Forwarded-TlsVersion="1.3" X-WAWS-Unencoded-URL="/api/deployments/latest?deployer=GITHUB_ZIP_DEPLOY&amp;time=2024-08-04_19-22-37Z" X-Client-Port="20609" >
  <step title="Cleanup Xml Logs" date="2024-08-04T19:45:26.772" >
    <step title="Cleanup Infos" date="2024-08-04T19:45:26.784" totalFiles="254" totalCleanup="94" /><!-- duration: 4ms -->
  </step><!-- duration: 22ms -->
  <step title="DeploymentService.GetResult" date="2024-08-04T19:45:26.803" >
    <step title="DeploymentService.GetLatestDeployment" date="2024-08-04T19:45:26.807" >
      <step title="DeploymentManager.GetResults" date="2024-08-04T19:45:26.811" /><!-- duration: 133ms -->
      <step title="Deployment 63e5162e-2b65-446f-bf84-95a15935cbdb is Building" date="2024-08-04T19:45:26.948" /><!-- duration: 4ms -->
    </step><!-- duration: 148ms -->
  </step><!-- duration: 156ms -->
  <step title="Outgoing response" date="2024-08-04T19:45:26.963" type="response" statusCode="202" statusText="Accepted" /><!-- duration: 6ms -->
</step><!-- duration: 206ms -->
