<step title="Incoming Request" date="2024-08-04T19:22:22.520" instance="b26df8" url="/api/zipdeploy?isAsync=true&amp;deployer=GITHUB_ZIP_DEPLOY&amp;message=%7B%22type%22%3A%22deployment%22%2C%22sha%22%3A%2234f520d1a6dd0d32b9654d2fa32a9d8315f2e6f5%22%2C%22repoName%22%3A%22AramMaryanyan0%2Famplify-next%22%2C%22actor%22%3A%22AramMaryanyan0%22%2C%22slotName%22%3A%22production%22%2C%22commitMessage%22%3A%22Your%20commit%20message%22%7D" method="POST" type="request" pid="87,1,68" Host="amplify-next-hrh9bdaxa0b4f3ba.scm.eastus-01.azurewebsites.net" User-Agent="GITHUBACTIONS_DeployWebAppToAzure_7c7bbd3ac46885f86bb56cc9b179dd6273b9d445a6526f952551d68f23fd3bae" Authorization="Bea..." Content-Type="application/octet-stream" Cookie="ARRAffinity=b26df86e6fee0b334babbfd98d7b0bf93f24835e6fd68d82de8d212c60b6b0b4;Path=/;HttpOnly;Secure;Domain=amplify-next-hrh9bdaxa0b4f3ba.scm.eastus-01.azurewebsites.net; ARRAffinitySameSite=b26df86e6fee0b334babbfd98d7b0bf93f24835e6fd68d82de8d212c60b6b0b4;Path=/;HttpOnly;SameSite=None;Secure;Domain=amplify-next-hrh9bdaxa0b4f3ba.scm.eastus-01.azurewebsites.net" Transfer-Encoding="chunked" X-ARR-LOG-ID="49ce8deb-3815-49e4-99a7-3c2629e2cf76" CLIENT-IP="20.75.95.175:20608" X-Client-IP="20.75.95.175" X-SITE-DEPLOYMENT-ID="amplify-next" WAS-DEFAULT-HOSTNAME="amplify-next-hrh9bdaxa0b4f3ba.scm.eastus-01.azurewebsites.net" X-Forwarded-Proto="https" X-AppService-Proto="https" X-Forwarded-TlsVersion="1.3" X-WAWS-Unencoded-URL="/api/zipdeploy?isAsync=true&amp;deployer=GITHUB_ZIP_DEPLOY&amp;message=%7B%22type%22%3A%22deployment%22%2C%22sha%22%3A%2234f520d1a6dd0d32b9654d2fa32a9d8315f2e6f5%22%2C%22repoName%22%3A%22AramMaryanyan0%2Famplify-next%22%2C%22actor%22%3A%22AramMaryanyan0%22%2C%22slotName%22%3A%22production%22%2C%22commitMessage%22%3A%22Your%20commit%20message%22%7D" X-Client-Port="20608" >
  <step title="Cleanup Xml Logs" date="2024-08-04T19:22:22.531" /><!-- duration: 16ms -->
  <step title="ZipPushDeploy" date="2024-08-04T19:22:26.470" >
    <step title="ZipDeploy. Extract zip." date="2024-08-04T19:22:26.727" /><!-- duration: 22ms -->
    <step title="None repository commit" date="2024-08-04T19:22:30.915" >
      <step title="Commit id: 63e5162e-2b65-446f-bf84-95a15935cbdb" date="2024-08-04T19:22:30.930" Message="N/A" AuthorName="N/A" AuthorEmail="N/A" /><!-- duration: 6ms -->
    </step><!-- duration: 25ms -->
    <step title="Writing artifact to /tmp/zipdeploy/8556117f-3ea4-40ef-a5bf-454bf3015fa0.zip" date="2024-08-04T19:22:31.370" /><!-- duration: 5207ms -->
    <step title="Start deployment in the background" date="2024-08-04T19:22:36.611" >
      <step title="Acquiring Deployment Lock" date="2024-08-04T19:22:37.201" /><!-- duration: 4ms -->
      <step title="Acquired Deployment Lock" date="2024-08-04T19:22:37.308" /><!-- duration: 4ms -->
    </step><!-- duration: 847ms -->
  </step><!-- duration: 11018ms -->
  <step title="Outgoing response" date="2024-08-04T19:22:37.499" type="response" statusCode="202" statusText="Accepted" /><!-- duration: 4ms -->
</step><!-- duration: 14988ms -->
