<step title="Incoming Request" date="2024-08-04T19:45:59.846" instance="e44726" url="/api/deployments/latest?deployer=GITHUB_ZIP_DEPLOY&amp;time=2024-08-04_19-22-37Z" method="GET" type="request" pid="87,1,19" Host="amplify-next-hrh9bdaxa0b4f3ba.scm.eastus-01.azurewebsites.net" User-Agent="GITHUBACTIONS_DeployWebAppToAzure_7c7bbd3ac46885f86bb56cc9b179dd6273b9d445a6526f952551d68f23fd3bae" Authorization="Bea..." Content-Type="application/json; charset=utf-8" Cookie="ARRAffinity=b26df86e6fee0b334babbfd98d7b0bf93f24835e6fd68d82de8d212c60b6b0b4;Path=/;HttpOnly;Secure;Domain=amplify-next-hrh9bdaxa0b4f3ba.scm.eastus-01.azurewebsites.net; ARRAffinitySameSite=b26df86e6fee0b334babbfd98d7b0bf93f24835e6fd68d82de8d212c60b6b0b4;Path=/;HttpOnly;SameSite=None;Secure;Domain=amplify-next-hrh9bdaxa0b4f3ba.scm.eastus-01.azurewebsites.net" Content-Length="0" X-ARR-LOG-ID="e2c8adc2-e1a6-4517-aad8-3248debe9789" CLIENT-IP="20.75.95.175:20609" X-Client-IP="20.75.95.175" X-SITE-DEPLOYMENT-ID="amplify-next" WAS-DEFAULT-HOSTNAME="amplify-next-hrh9bdaxa0b4f3ba.scm.eastus-01.azurewebsites.net" X-Forwarded-Proto="https" X-AppService-Proto="https" X-Forwarded-TlsVersion="1.3" X-WAWS-Unencoded-URL="/api/deployments/latest?deployer=GITHUB_ZIP_DEPLOY&amp;time=2024-08-04_19-22-37Z" X-Client-Port="20609" >
  <step title="Cleanup Xml Logs" date="2024-08-04T19:45:59.850" >
    <step title="Cleanup Infos" date="2024-08-04T19:45:59.862" totalFiles="260" totalCleanup="100" /><!-- duration: 4ms -->
  </step><!-- duration: 18ms -->
  <step title="DeploymentService.GetResult" date="2024-08-04T19:45:59.878" >
    <step title="DeploymentService.GetLatestDeployment" date="2024-08-04T19:45:59.881" >
      <step title="DeploymentManager.GetResults" date="2024-08-04T19:45:59.885" /><!-- duration: 141ms -->
      <step title="Deployment 63e5162e-2b65-446f-bf84-95a15935cbdb is Building" date="2024-08-04T19:46:00.030" /><!-- duration: 4ms -->
    </step><!-- duration: 157ms -->
  </step><!-- duration: 164ms -->
  <step title="Outgoing response" date="2024-08-04T19:46:00.045" type="response" statusCode="202" statusText="Accepted" /><!-- duration: 4ms -->
</step><!-- duration: 210ms -->
