﻿<?xml version="1.0" encoding="utf-8"?>
<deployment>
  <id>7626ba15-6cb1-4eaf-9036-fe5561a434b6</id>
  <author>N/A</author>
  <deployer>Push-Deployer</deployer>
  <authorEmail>N/A</authorEmail>
  <message>Created via a push deployment</message>
  <progress></progress>
  <status>Success</status>
  <statusText></statusText>
  <lastSuccessEndTime>2024-08-05T06:53:29.3465641Z</lastSuccessEndTime>
  <receivedTime>2024-08-05T06:39:51.5787439Z</receivedTime>
  <startTime>2024-08-05T06:39:54.052145Z</startTime>
  <endTime>2024-08-05T06:53:29.3465641Z</endTime>
  <complete>True</complete>
  <is_temp>False</is_temp>
  <is_readonly>True</is_readonly>
  <buildSummary />
</deployment>