﻿<?xml version="1.0" encoding="utf-8"?>
<deployment>
  <id>026915c5-7b93-4c00-aa22-f30d9205ec93</id>
  <author>N/A</author>
  <deployer>GITHUB_ZIP_DEPLOY</deployer>
  <authorEmail>N/A</authorEmail>
  <message>{"type":"deployment","sha":"34f520d1a6dd0d32b9654d2fa32a9d8315f2e6f5","repoName":"AramMaryanyan0/amplify-next","actor":"AramMaryanyan0","slotName":"production","commitMessage":"Your commit message"}</message>
  <progress></progress>
  <status>Success</status>
  <statusText></statusText>
  <lastSuccessEndTime>2024-08-04T20:51:24.8129627Z</lastSuccessEndTime>
  <receivedTime>2024-08-04T20:40:14.3415264Z</receivedTime>
  <startTime>2024-08-04T20:40:15.6341419Z</startTime>
  <endTime>2024-08-04T20:51:24.8129627Z</endTime>
  <complete>True</complete>
  <is_temp>False</is_temp>
  <is_readonly>True</is_readonly>
  <buildSummary />
</deployment>